{
 "Week": "2025-10-27",
 "LastWeek": "",
 "X": 0.725083045697708,
 "Programs": [
  {
   "Program": "cmd/go",
   "Version": "devel",
   "GoVersion": "devel",
   "GOOS": "linux",
   "GOARCH": "amd64",
   "Counters": {
    "go/goroot:usr-lib-go": 19,
    "go/invocations": 19,
    "go/mode:module": 19,
    "go/platform/host/linux/major-version:6": 19,
    "go/platform/host/linux/version:6-17": 19,
    "go/platform/target/goamd64:v1": 19,
    "go/platform/target/goarch:amd64": 19,
    "go/platform/target/goos:linux": 19,
    "go/subcommand:version": 19
   },
   "Stacks": {}
  }
 ],
 "Config": "v0.0.0-0"
}